original_location,normalized_location,latitude,longitude,city_or_zone,coordinate_source,review_status,review_notes
AIIMS,AIIMS,,,,,unresolved,Observed in source; coordinates not yet sourced or reviewed.
Adarsh Nagar,Adarsh Nagar,,,,,unresolved,Observed in source; coordinates not yet sourced or reviewed.
Akshardham,Akshardham,,,,,unresolved,Observed in source; coordinates not yet sourced or reviewed.
Ambience Mall,Ambience Mall,,,,,unresolved,Observed in source; coordinates not yet sourced or reviewed.
Anand Vihar,Anand Vihar,,,,,unresolved,Observed in source; coordinates not yet sourced or reviewed.
Anand Vihar ISBT,Anand Vihar ISBT,,,,,unresolved,Observed in source; coordinates not yet sourced or reviewed.
Ardee City,Ardee City,,,,,unresolved,Observed in source; coordinates not yet sourced or reviewed.
Arjangarh,Arjangarh,,,,,unresolved,Observed in source; coordinates not yet sourced or reviewed.
Ashok Park Main,Ashok Park Main,,,,,unresolved,Observed in source; coordinates not yet sourced or reviewed.
Ashok Vihar,Ashok Vihar,,,,,unresolved,Observed in source; coordinates not yet sourced or reviewed.
Ashram,Ashram,,,,,unresolved,Observed in source; coordinates not yet sourced or reviewed.
Aya Nagar,Aya Nagar,,,,,unresolved,Observed in source; coordinates not yet sourced or reviewed.
Azadpur,Azadpur,,,,,unresolved,Observed in source; coordinates not yet sourced or reviewed.
Badarpur,Badarpur,,,,,unresolved,Observed in source; coordinates not yet sourced or reviewed.
Badshahpur,Badshahpur,,,,,unresolved,Observed in source; coordinates not yet sourced or reviewed.
Bahadurgarh,Bahadurgarh,,,,,unresolved,Observed in source; coordinates not yet sourced or reviewed.
Barakhamba Road,Barakhamba Road,28.62747,77.22905,Central Delhi,https://www.openstreetmap.org/way/523568284 ; https://www.wikidata.org/wiki/Q125567805,reviewed,"Road in Connaught Place, New Delhi; point is the centroid of one OSM road segment. Cross-check 0.19 km away. Retrieved 2026-10-09 by name-only lookup. Coordinates © OpenStreetMap contributors (ODbL) / Wikidata (CC0). REVIEWED 2026-10-09: accepted under the user's instruction to use only confidently verified pilot coordinates (criterion: two sources agree within ~1.1 km, or an exact named OSM feature). The user did not inspect this point individually."
Basai Dhankot,Basai Dhankot,,,,,unresolved,Observed in source; coordinates not yet sourced or reviewed.
Bhikaji Cama Place,Bhikaji Cama Place,,,,,unresolved,Observed in source; coordinates not yet sourced or reviewed.
Bhiwadi,Bhiwadi,,,,,unresolved,Observed in source; coordinates not yet sourced or reviewed.
Botanical Garden,Botanical Garden,,,,,unresolved,Observed in source; coordinates not yet sourced or reviewed.
Central Secretariat,Central Secretariat,,,,,unresolved,Observed in source; coordinates not yet sourced or reviewed.
Chanakyapuri,Chanakyapuri,,,,,unresolved,Observed in source; coordinates not yet sourced or reviewed.
Chandni Chowk,Chandni Chowk,,,,,unresolved,Observed in source; coordinates not yet sourced or reviewed.
Chhatarpur,Chhatarpur,,,,,unresolved,Observed in source; coordinates not yet sourced or reviewed.
Chirag Delhi,Chirag Delhi,,,,,unresolved,Observed in source; coordinates not yet sourced or reviewed.
Civil Lines Gurgaon,Civil Lines Gurgaon,,,,,unresolved,Observed in source; coordinates not yet sourced or reviewed.
Connaught Place,Connaught Place,,,,,unresolved,Observed in source; coordinates not yet sourced or reviewed.
Cyber Hub,Cyber Hub,28.4951,77.08851,Gurugram,https://www.openstreetmap.org/way/1449268449,reviewed,"DLF Cyber Hub, Sector 25A, Gurugram (OSM retail area). No Wikidata item found. No independent cross-check. Retrieved 2026-10-09 by name-only lookup. Coordinates © OpenStreetMap contributors (ODbL) / Wikidata (CC0). REVIEWED 2026-10-09: accepted under the user's instruction to use only confidently verified pilot coordinates (criterion: two sources agree within ~1.1 km, or an exact named OSM feature). The user did not inspect this point individually."
DLF City Court,DLF City Court,,,,,unresolved,Observed in source; coordinates not yet sourced or reviewed.
DLF Phase 3,DLF Phase 3,,,,,unresolved,Observed in source; coordinates not yet sourced or reviewed.
Delhi Gate,Delhi Gate,,,,,unresolved,Observed in source; coordinates not yet sourced or reviewed.
Dilshad Garden,Dilshad Garden,,,,,unresolved,Observed in source; coordinates not yet sourced or reviewed.
Dwarka Mor,Dwarka Mor,,,,,unresolved,Observed in source; coordinates not yet sourced or reviewed.
Dwarka Sector 21,Dwarka Sector 21,,,,,unresolved,Observed in source; coordinates not yet sourced or reviewed.
Faridabad Sector 15,Faridabad Sector 15,,,,,unresolved,Observed in source; coordinates not yet sourced or reviewed.
GTB Nagar,GTB Nagar,,,,,unresolved,Observed in source; coordinates not yet sourced or reviewed.
Ghaziabad,Ghaziabad,28.67115,77.41204,Ghaziabad,https://www.openstreetmap.org/node/2521085873 ; https://www.wikidata.org/wiki/Q207098,reviewed,"Ghaziabad city (OSM place=city node). City-level point: coarse for a whole city. Cross-check 0.67 km away. Retrieved 2026-10-09 by name-only lookup. Coordinates © OpenStreetMap contributors (ODbL) / Wikidata (CC0). REVIEWED 2026-10-09: accepted under the user's instruction to use only confidently verified pilot coordinates (criterion: two sources agree within ~1.1 km, or an exact named OSM feature). The user did not inspect this point individually."
Ghitorni,Ghitorni,,,,,unresolved,Observed in source; coordinates not yet sourced or reviewed.
Ghitorni Village,Ghitorni Village,,,,,unresolved,Observed in source; coordinates not yet sourced or reviewed.
Golf Course Road,Golf Course Road,,,,,unresolved,Observed in source; coordinates not yet sourced or reviewed.
Govindpuri,Govindpuri,,,,,unresolved,Observed in source; coordinates not yet sourced or reviewed.
Greater Kailash,Greater Kailash,,,,,unresolved,Observed in source; coordinates not yet sourced or reviewed.
Greater Noida,Greater Noida,,,,,unresolved,Observed in source; coordinates not yet sourced or reviewed.
Green Park,Green Park,,,,,unresolved,Observed in source; coordinates not yet sourced or reviewed.
Gurgaon Railway Station,Gurgaon Railway Station,,,,,unresolved,Observed in source; coordinates not yet sourced or reviewed.
Gurgaon Sector 29,Gurgaon Sector 29,,,,,unresolved,Observed in source; coordinates not yet sourced or reviewed.
Gurgaon Sector 56,Gurgaon Sector 56,,,,,unresolved,Observed in source; coordinates not yet sourced or reviewed.
Gwal Pahari,Gwal Pahari,,,,,unresolved,Observed in source; coordinates not yet sourced or reviewed.
Hauz Khas,Hauz Khas,,,,,unresolved,Observed in source; coordinates not yet sourced or reviewed.
Hauz Rani,Hauz Rani,,,,,unresolved,Observed in source; coordinates not yet sourced or reviewed.
Hero Honda Chowk,Hero Honda Chowk,,,,,unresolved,Observed in source; coordinates not yet sourced or reviewed.
Huda City Centre,Huda City Centre,,,,,unresolved,Observed in source; coordinates not yet sourced or reviewed.
IFFCO Chowk,IFFCO Chowk,,,,,unresolved,Observed in source; coordinates not yet sourced or reviewed.
IGI Airport,IGI Airport,28.55542,77.08481,South West Delhi,https://www.openstreetmap.org/relation/19597141 ; https://www.wikidata.org/wiki/Q821275,reviewed,"Indira Gandhi International Airport; point is the aerodrome centroid (terminals are several km apart). Cross-check 0.26 km away. Retrieved 2026-10-09 by name-only lookup. Coordinates © OpenStreetMap contributors (ODbL) / Wikidata (CC0). REVIEWED 2026-10-09: accepted under the user's instruction to use only confidently verified pilot coordinates (criterion: two sources agree within ~1.1 km, or an exact named OSM feature). The user did not inspect this point individually."
IGNOU Road,IGNOU Road,,,,,unresolved,Observed in source; coordinates not yet sourced or reviewed.
IIT Delhi,IIT Delhi,,,,,unresolved,Observed in source; coordinates not yet sourced or reviewed.
IMT Manesar,IMT Manesar,,,,,unresolved,Observed in source; coordinates not yet sourced or reviewed.
INA Market,INA Market,,,,,unresolved,Observed in source; coordinates not yet sourced or reviewed.
ITO,ITO,,,,,unresolved,Observed in source; coordinates not yet sourced or reviewed.
Inderlok,Inderlok,,,,,unresolved,Observed in source; coordinates not yet sourced or reviewed.
India Gate,India Gate,,,,,unresolved,Observed in source; coordinates not yet sourced or reviewed.
Indirapuram,Indirapuram,,,,,unresolved,Observed in source; coordinates not yet sourced or reviewed.
Indraprastha,Indraprastha,,,,,unresolved,Observed in source; coordinates not yet sourced or reviewed.
Jahangirpuri,Jahangirpuri,,,,,unresolved,Observed in source; coordinates not yet sourced or reviewed.
Jama Masjid,Jama Masjid,,,,,unresolved,Observed in source; coordinates not yet sourced or reviewed.
Janakpuri,Janakpuri,,,,,unresolved,Observed in source; coordinates not yet sourced or reviewed.
Jasola,Jasola,,,,,unresolved,Observed in source; coordinates not yet sourced or reviewed.
Jhilmil,Jhilmil,,,,,unresolved,Observed in source; coordinates not yet sourced or reviewed.
Jor Bagh,Jor Bagh,,,,,unresolved,Observed in source; coordinates not yet sourced or reviewed.
Kadarpur,Kadarpur,,,,,unresolved,Observed in source; coordinates not yet sourced or reviewed.
Kalkaji,Kalkaji,,,,,unresolved,Observed in source; coordinates not yet sourced or reviewed.
Kanhaiya Nagar,Kanhaiya Nagar,,,,,unresolved,Observed in source; coordinates not yet sourced or reviewed.
Karkarduma,Karkarduma,,,,,unresolved,Observed in source; coordinates not yet sourced or reviewed.
Karol Bagh,Karol Bagh,,,,,unresolved,Observed in source; coordinates not yet sourced or reviewed.
Kashmere Gate,Kashmere Gate,,,,,unresolved,Observed in source; coordinates not yet sourced or reviewed.
Kashmere Gate ISBT,Kashmere Gate ISBT,,,,,unresolved,Observed in source; coordinates not yet sourced or reviewed.
Kaushambi,Kaushambi,,,,,unresolved,Observed in source; coordinates not yet sourced or reviewed.
Keshav Puram,Keshav Puram,,,,,unresolved,Observed in source; coordinates not yet sourced or reviewed.
Khan Market,Khan Market,,,,,unresolved,Observed in source; coordinates not yet sourced or reviewed.
Khandsa,Khandsa,,,,,unresolved,Pilot proposal withdrawn 2026-10-09 (user: keep ambiguous locations unresolved). Candidate evidence kept in data/reference/coordinate_evidence/pilot_2026-10-09.json.
Kherki Daula Toll,Kherki Daula Toll,,,,,unresolved,Observed in source; coordinates not yet sourced or reviewed.
Kirti Nagar,Kirti Nagar,,,,,unresolved,Observed in source; coordinates not yet sourced or reviewed.
Lajpat Nagar,Lajpat Nagar,,,,,unresolved,Observed in source; coordinates not yet sourced or reviewed.
Lal Quila,Lal Quila,,,,,unresolved,Observed in source; coordinates not yet sourced or reviewed.
Laxmi Nagar,Laxmi Nagar,,,,,unresolved,Observed in source; coordinates not yet sourced or reviewed.
Lok Kalyan Marg,Lok Kalyan Marg,,,,,unresolved,Observed in source; coordinates not yet sourced or reviewed.
MG Road,MG Road,,,,,unresolved,Pilot proposal withdrawn 2026-10-09 (user: keep ambiguous locations unresolved). Candidate evidence kept in data/reference/coordinate_evidence/pilot_2026-10-09.json.
Madipur,Madipur,,,,,unresolved,Observed in source; coordinates not yet sourced or reviewed.
Maidan Garhi,Maidan Garhi,,,,,unresolved,Observed in source; coordinates not yet sourced or reviewed.
Malviya Nagar,Malviya Nagar,,,,,unresolved,Observed in source; coordinates not yet sourced or reviewed.
Mandi House,Mandi House,,,,,unresolved,Observed in source; coordinates not yet sourced or reviewed.
Manesar,Manesar,,,,,unresolved,Observed in source; coordinates not yet sourced or reviewed.
Mansarovar Park,Mansarovar Park,,,,,unresolved,Observed in source; coordinates not yet sourced or reviewed.
Mayur Vihar,Mayur Vihar,,,,,unresolved,Observed in source; coordinates not yet sourced or reviewed.
Meerut,Meerut,,,,,unresolved,Observed in source; coordinates not yet sourced or reviewed.
Mehrauli,Mehrauli,,,,,unresolved,Observed in source; coordinates not yet sourced or reviewed.
Model Town,Model Town,,,,,unresolved,Observed in source; coordinates not yet sourced or reviewed.
Moolchand,Moolchand,,,,,unresolved,Observed in source; coordinates not yet sourced or reviewed.
Moti Nagar,Moti Nagar,,,,,unresolved,Observed in source; coordinates not yet sourced or reviewed.
Mundka,Mundka,,,,,unresolved,Observed in source; coordinates not yet sourced or reviewed.
Munirka,Munirka,,,,,unresolved,Observed in source; coordinates not yet sourced or reviewed.
Narsinghpur,Narsinghpur,,,,,unresolved,Observed in source; coordinates not yet sourced or reviewed.
Nawada,Nawada,,,,,unresolved,Observed in source; coordinates not yet sourced or reviewed.
Nehru Place,Nehru Place,,,,,unresolved,Observed in source; coordinates not yet sourced or reviewed.
Netaji Subhash Place,Netaji Subhash Place,,,,,unresolved,Observed in source; coordinates not yet sourced or reviewed.
New Colony,New Colony,,,,,unresolved,Observed in source; coordinates not yet sourced or reviewed.
New Delhi Railway Station,New Delhi Railway Station,,,,,unresolved,Observed in source; coordinates not yet sourced or reviewed.
Nirman Vihar,Nirman Vihar,,,,,unresolved,Observed in source; coordinates not yet sourced or reviewed.
Noida Extension,Noida Extension,,,,,unresolved,Observed in source; coordinates not yet sourced or reviewed.
Noida Film City,Noida Film City,,,,,unresolved,Observed in source; coordinates not yet sourced or reviewed.
Noida Sector 18,Noida Sector 18,,,,,unresolved,Observed in source; coordinates not yet sourced or reviewed.
Noida Sector 62,Noida Sector 62,28.62114,77.36435,Noida,https://www.openstreetmap.org/node/10811810934,reviewed,"Sector 62, Noida (OSM place=suburb node). Single source; no Wikidata item found. No independent cross-check. Retrieved 2026-10-09 by name-only lookup. Coordinates © OpenStreetMap contributors (ODbL) / Wikidata (CC0). REVIEWED 2026-10-09: accepted under the user's instruction to use only confidently verified pilot coordinates (criterion: two sources agree within ~1.1 km, or an exact named OSM feature). The user did not inspect this point individually."
Okhla,Okhla,,,,,unresolved,Observed in source; coordinates not yet sourced or reviewed.
Old Gurgaon,Old Gurgaon,,,,,unresolved,Observed in source; coordinates not yet sourced or reviewed.
Paharganj,Paharganj,,,,,unresolved,Observed in source; coordinates not yet sourced or reviewed.
Palam Vihar,Palam Vihar,,,,,unresolved,Observed in source; coordinates not yet sourced or reviewed.
Panchsheel Park,Panchsheel Park,,,,,unresolved,Observed in source; coordinates not yet sourced or reviewed.
Panipat,Panipat,29.39127,76.97717,Panipat,https://www.openstreetmap.org/node/245768111 ; https://www.wikidata.org/wiki/Q139706,reviewed,"Panipat city, Haryana (OSM place=city node); ~85 km north of central Delhi. City-level point. Cross-check 0.81 km away. Retrieved 2026-10-09 by name-only lookup. Coordinates © OpenStreetMap contributors (ODbL) / Wikidata (CC0). REVIEWED 2026-10-09: accepted under the user's instruction to use only confidently verified pilot coordinates (criterion: two sources agree within ~1.1 km, or an exact named OSM feature). The user did not inspect this point individually."
Paschim Vihar,Paschim Vihar,,,,,unresolved,Observed in source; coordinates not yet sourced or reviewed.
Pataudi Chowk,Pataudi Chowk,,,,,unresolved,Observed in source; coordinates not yet sourced or reviewed.
Patel Chowk,Patel Chowk,,,,,unresolved,Observed in source; coordinates not yet sourced or reviewed.
Peeragarhi,Peeragarhi,,,,,unresolved,Observed in source; coordinates not yet sourced or reviewed.
Pitampura,Pitampura,,,,,unresolved,Observed in source; coordinates not yet sourced or reviewed.
Pragati Maidan,Pragati Maidan,28.616813,77.243359,Central Delhi,https://www.wikidata.org/wiki/Q2723163 ; https://www.openstreetmap.org/node/5426388557,reviewed,"Exhibition grounds (venue renamed Bharat Mandapam in 2023). Cross-check is the OSM bus stop 'Pragati Maidan (Gate No.5)'. Cross-check 0.32 km away. Retrieved 2026-10-09 by name-only lookup. Coordinates © OpenStreetMap contributors (ODbL) / Wikidata (CC0). REVIEWED 2026-10-09: accepted under the user's instruction to use only confidently verified pilot coordinates (criterion: two sources agree within ~1.1 km, or an exact named OSM feature). The user did not inspect this point individually."
Preet Vihar,Preet Vihar,,,,,unresolved,Observed in source; coordinates not yet sourced or reviewed.
Pulbangash,Pulbangash,,,,,unresolved,Observed in source; coordinates not yet sourced or reviewed.
Punjabi Bagh,Punjabi Bagh,,,,,unresolved,Observed in source; coordinates not yet sourced or reviewed.
Qutub Minar,Qutub Minar,,,,,unresolved,Observed in source; coordinates not yet sourced or reviewed.
RK Puram,RK Puram,,,,,unresolved,Observed in source; coordinates not yet sourced or reviewed.
Raj Nagar Extension,Raj Nagar Extension,,,,,unresolved,Observed in source; coordinates not yet sourced or reviewed.
Rajiv Chowk,Rajiv Chowk,,,,,unresolved,Observed in source; coordinates not yet sourced or reviewed.
Rajiv Nagar,Rajiv Nagar,,,,,unresolved,Observed in source; coordinates not yet sourced or reviewed.
Rajouri Garden,Rajouri Garden,,,,,unresolved,Observed in source; coordinates not yet sourced or reviewed.
Ramesh Nagar,Ramesh Nagar,,,,,unresolved,Observed in source; coordinates not yet sourced or reviewed.
Rithala,Rithala,,,,,unresolved,Observed in source; coordinates not yet sourced or reviewed.
Rohini,Rohini,,,,,unresolved,Observed in source; coordinates not yet sourced or reviewed.
Rohini East,Rohini East,,,,,unresolved,Observed in source; coordinates not yet sourced or reviewed.
Rohini West,Rohini West,,,,,unresolved,Observed in source; coordinates not yet sourced or reviewed.
Sadar Bazar Gurgaon,Sadar Bazar Gurgaon,,,,,unresolved,Observed in source; coordinates not yet sourced or reviewed.
Saidulajab,Saidulajab,,,,,unresolved,Observed in source; coordinates not yet sourced or reviewed.
Saket,Saket,28.51918,77.21301,South Delhi,https://www.wikidata.org/wiki/Q7402907 ; https://www.openstreetmap.org/node/12825691133,reviewed,"Saket neighbourhood, South Delhi (Wikidata settlement point). OSM has no place node; cross-check is a POI in Saket District Centre. Cross-check 1.07 km away. Retrieved 2026-10-09 by name-only lookup. Coordinates © OpenStreetMap contributors (ODbL) / Wikidata (CC0). REVIEWED 2026-10-09: accepted under the user's instruction to use only confidently verified pilot coordinates (criterion: two sources agree within ~1.1 km, or an exact named OSM feature). The user did not inspect this point individually."
Saket A Block,Saket A Block,,,,,unresolved,Observed in source; coordinates not yet sourced or reviewed.
Samaypur Badli,Samaypur Badli,,,,,unresolved,Observed in source; coordinates not yet sourced or reviewed.
Sarai Kale Khan,Sarai Kale Khan,,,,,unresolved,Observed in source; coordinates not yet sourced or reviewed.
Sarojini Nagar,Sarojini Nagar,,,,,unresolved,Observed in source; coordinates not yet sourced or reviewed.
Satguru Ram Singh Marg,Satguru Ram Singh Marg,,,,,unresolved,Observed in source; coordinates not yet sourced or reviewed.
Seelampur,Seelampur,,,,,unresolved,Observed in source; coordinates not yet sourced or reviewed.
Shahdara,Shahdara,,,,,unresolved,Observed in source; coordinates not yet sourced or reviewed.
Shastri Nagar,Shastri Nagar,,,,,unresolved,Observed in source; coordinates not yet sourced or reviewed.
Shastri Park,Shastri Park,,,,,unresolved,Observed in source; coordinates not yet sourced or reviewed.
Shivaji Park,Shivaji Park,,,,,unresolved,Observed in source; coordinates not yet sourced or reviewed.
Sikanderpur,Sikanderpur,,,,,unresolved,Observed in source; coordinates not yet sourced or reviewed.
Sohna Road,Sohna Road,,,,,unresolved,Observed in source; coordinates not yet sourced or reviewed.
Sonipat,Sonipat,,,,,unresolved,Observed in source; coordinates not yet sourced or reviewed.
South Extension,South Extension,,,,,unresolved,Observed in source; coordinates not yet sourced or reviewed.
Subhash Chowk,Subhash Chowk,,,,,unresolved,Observed in source; coordinates not yet sourced or reviewed.
Subhash Nagar,Subhash Nagar,,,,,unresolved,Observed in source; coordinates not yet sourced or reviewed.
Sultanpur,Sultanpur,,,,,unresolved,Observed in source; coordinates not yet sourced or reviewed.
Sushant Lok,Sushant Lok,,,,,unresolved,Observed in source; coordinates not yet sourced or reviewed.
Tagore Garden,Tagore Garden,,,,,unresolved,Observed in source; coordinates not yet sourced or reviewed.
Tilak Nagar,Tilak Nagar,,,,,unresolved,Observed in source; coordinates not yet sourced or reviewed.
Tis Hazari,Tis Hazari,,,,,unresolved,Observed in source; coordinates not yet sourced or reviewed.
Tughlakabad,Tughlakabad,,,,,unresolved,Observed in source; coordinates not yet sourced or reviewed.
Udyog Bhawan,Udyog Bhawan,,,,,unresolved,Observed in source; coordinates not yet sourced or reviewed.
Udyog Vihar,Udyog Vihar,,,,,unresolved,Observed in source; coordinates not yet sourced or reviewed.
Udyog Vihar Phase 4,Udyog Vihar Phase 4,,,,,unresolved,Observed in source; coordinates not yet sourced or reviewed.
Uttam Nagar,Uttam Nagar,,,,,unresolved,Observed in source; coordinates not yet sourced or reviewed.
Vaishali,Vaishali,,,,,unresolved,Observed in source; coordinates not yet sourced or reviewed.
Vasant Kunj,Vasant Kunj,,,,,unresolved,Observed in source; coordinates not yet sourced or reviewed.
Vatika Chowk,Vatika Chowk,,,,,unresolved,Observed in source; coordinates not yet sourced or reviewed.
Vidhan Sabha,Vidhan Sabha,,,,,unresolved,Observed in source; coordinates not yet sourced or reviewed.
Vinobapuri,Vinobapuri,,,,,unresolved,Observed in source; coordinates not yet sourced or reviewed.
Vishwavidyalaya,Vishwavidyalaya,,,,,unresolved,Observed in source; coordinates not yet sourced or reviewed.
Welcome,Welcome,,,,,unresolved,Observed in source; coordinates not yet sourced or reviewed.
Yamuna Bank,Yamuna Bank,,,,,unresolved,Observed in source; coordinates not yet sourced or reviewed.
